{
  "materials": {
    "concrete": {"ballisticDefense": 2.0, "blastDefense": 1.2, "spallBase": 0.08},
    "wood":     {"ballisticDefense": 0.8, "blastDefense": 0.7, "spallBase": 0.05},
    "steel":    {"ballisticDefense": 1.6, "blastDefense": 1.1, "spallBase": 0.10},
    "sand":     {"ballisticDefense": 0.6, "blastDefense": 0.9, "spallBase": 0.02}
  },
  "bullets": {
    "556": {"penetration": 1.0, "energy": 1.0, "spall": 0.9, "recoil": 1.0},
    "762": {"penetration": 1.25, "energy": 1.2, "spall": 1.1, "recoil": 1.2}
  },
  "explosives": {
    "frag": {"blast": 1.0, "shake": 1.0, "shrapnel": 1.0},
    "heavy": {"blast": 2.0, "shake": 1.8, "shrapnel": 1.6}
  }
}
